train_acc,train_loss,val_acc,val_loss
0.032210526315789474,4.3416076,0.0632,4.062147
0.07717894736842106,3.9675698,0.10799999999999998,3.792887
0.1209263157894737,3.7099335,0.1416,3.5572512
0.15717894736842106,3.502891,0.1796,3.394069
