train_acc,train_loss,val_acc,val_loss
0.032905263157894736,4.334234,0.05920000000000001,4.059145
0.07911578947368422,3.9645894,0.10959999999999999,3.8029168
0.12509473684210526,3.7026584,0.1428,3.5438502
