train_acc,train_loss,val_acc,val_loss
0.08111578947368422,4.0289283,0.11879999999999999,3.6626017
0.1646315789473684,3.4450529,0.20559999999999998,3.2319329
